{
  "num_variants": 20,
  "budgets": [
    300,
    7200
  ],
  "successful_pairs": 20,
  "spearman_rho": 0.5413533834586466,
  "spearman_p_value": 0.0136974953970477,
  "decision": "rho in [0.4, 0.7]: proceed with caution."
}